id	title	description	link	image_link	additional_image_link	availability	price	brand	condition	identifier_exists	product_type	shipping
BSH-u-shape-sofa	U-Shape Sofa – Made-to-Order Fabric Sofa	The ultimate family sofa. Our U-Shape collection wraps your room in comfort with generous seating for the whole household. Features: Seats 6–8 people comfortably; Available in multiple fabric options; Modular configuration. Made to order in your choice of fabric, colour and size.	https://barkisofahub.co.uk/u-shape-sofa.html	https://barkisofahub.co.uk/images/ushape/ushape-2.jpg	https://barkisofahub.co.uk/images/ushape/ushape-1.jpg,https://barkisofahub.co.uk/images/ushape/ushape-3.jpg,https://barkisofahub.co.uk/images/ushape/ushape-4.jpg,https://barkisofahub.co.uk/images/ushape/ushape-5.jpg,https://barkisofahub.co.uk/images/ushape/ushape-6.jpg,https://barkisofahub.co.uk/images/ushape/ushape-7.jpg,https://barkisofahub.co.uk/images/ushape/ushape-8.jpg	in_stock	699.00 GBP	Barki Sofa Hub	new	no	Sofas > U-Shape Collection	GB:::0.00 GBP
BSH-alaska-corner-sofa	Alaska Corner Sofa – Made-to-Order Fabric Sofa	Soft channel-stitched styling with plush, pillow-back comfort. The Alaska corner is a warm, inviting centrepiece for any family living room. Features: Available in multiple fabric options; Sturdy hardwood frame; Deep foam & fibre cushions; Custom size available. Made to order in your choice of fabric, colour and size.	https://barkisofahub.co.uk/alaska-corner-sofa.html	https://barkisofahub.co.uk/images/lilly-corner/lilly-corner-3.jpg	https://barkisofahub.co.uk/images/lilly-corner/lilly-corner-1.jpg,https://barkisofahub.co.uk/images/lilly-corner/lilly-corner-7.jpg,https://barkisofahub.co.uk/images/lilly-corner/lilly-corner-8.jpg	in_stock	680.00 GBP	Barki Sofa Hub	new	no	Sofas > Corner Collection	GB:::0.00 GBP
BSH-ashton-corner-sofa	Ashton Corner Sofa – Made-to-Order Fabric Sofa	Deep-buttoned Chesterfield-style arms and base with plump scatter back cushions. The Ashton corner is a statement centrepiece for any living room. Features: Available in multiple fabric options; Sturdy hardwood frame; Deep foam & fibre cushions; Custom size available. Made to order in your choice of fabric, colour and size.	https://barkisofahub.co.uk/ashton-corner-sofa.html	https://barkisofahub.co.uk/images/ashton-corner/ashton-corner-2.jpg	https://barkisofahub.co.uk/images/ashton-corner/ashton-corner-1.jpg,https://barkisofahub.co.uk/images/ashton-corner/ashton-corner-3.jpg,https://barkisofahub.co.uk/images/ashton-corner/ashton-corner-4.jpg	in_stock	750.00 GBP	Barki Sofa Hub	new	no	Sofas > Corner Collection	GB:::0.00 GBP
BSH-alaska-2-3-seater-sofa	Alaska 2+3 Seater Sofa – Made-to-Order Fabric Sofa	The Alaska two-seater and three-seater set — the same plush channel-stitched design, sold as a matching pair to fill your living room. Features: Includes a 2-seater + 3-seater; Available in multiple fabric options; Sturdy hardwood frame; Custom size available. Made to order in your choice of fabric, colour and size.	https://barkisofahub.co.uk/alaska-2-3-seater-sofa.html	https://barkisofahub.co.uk/images/lilly-set/lilly-set-2.jpg	https://barkisofahub.co.uk/images/lilly-set/lilly-set-1.jpg	in_stock	900.00 GBP	Barki Sofa Hub	new	no	Sofas > 2+3 Seater Collection	GB:::0.00 GBP
BSH-lilly-u-shape-sofa	Lilly U-Shape Sofa – Made-to-Order Fabric Sofa	The Lilly in a wraparound U-shape — generous family seating with the same soft channel-stitched finish. Features: Available in multiple fabric options; Sturdy hardwood frame; Deep foam & fibre cushions; Custom size available. Made to order in your choice of fabric, colour and size.	https://barkisofahub.co.uk/lilly-u-shape-sofa.html	https://barkisofahub.co.uk/images/lilly-ushape/lilly-ushape-2.jpg	https://barkisofahub.co.uk/images/lilly-ushape/lilly-ushape-1.jpg,https://barkisofahub.co.uk/images/lilly-ushape/lilly-ushape-3.jpg	in_stock	749.00 GBP	Barki Sofa Hub	new	no	Sofas > U-Shape Collection	GB:::0.00 GBP
BSH-lilly-l-shape-sofa	Lilly L-Shape Sofa – Made-to-Order Fabric Sofa	The Lilly in a space-smart L-shape — plush channel-stitched comfort that fits neatly into modern rooms. Features: Available in multiple fabric options; Sturdy hardwood frame; Deep foam & fibre cushions; Custom size available. Made to order in your choice of fabric, colour and size.	https://barkisofahub.co.uk/lilly-l-shape-sofa.html	https://barkisofahub.co.uk/images/lilly-lshape/lilly-lshape-4.jpg		in_stock	749.00 GBP	Barki Sofa Hub	new	no	Sofas > L-Shape Collection	GB:::0.00 GBP
BSH-ashton-2-3-seater-sofa	Ashton 2+3 Seater Sofa – Made-to-Order Fabric Sofa	The Ashton two-seater and three-seater set — deep-buttoned all over in the Chesterfield style, sold as a matching pair. Features: Includes a 2-seater + 3-seater; Available in multiple fabric options; Sturdy hardwood frame; Custom size available. Made to order in your choice of fabric, colour and size.	https://barkisofahub.co.uk/ashton-2-3-seater-sofa.html	https://barkisofahub.co.uk/images/ashton-set/ashton-set-1.jpg		in_stock	750.00 GBP	Barki Sofa Hub	new	no	Sofas > 2+3 Seater Collection	GB:::0.00 GBP
BSH-ashton-l-shape-sofa	Ashton L-Shape Sofa – Made-to-Order Fabric Sofa	The Ashton in an L-shape — deep-buttoned Chesterfield-style arms and base with plump back cushions. Features: Available in multiple fabric options; Sturdy hardwood frame; Deep foam & fibre cushions; Custom size available. Made to order in your choice of fabric, colour and size.	https://barkisofahub.co.uk/ashton-l-shape-sofa.html	https://barkisofahub.co.uk/images/ashton-lshape/ashton-lshape-1.jpg		in_stock	749.00 GBP	Barki Sofa Hub	new	no	Sofas > L-Shape Collection	GB:::0.00 GBP
BSH-harrison-corner-sofa	Harrison Corner Sofa – Made-to-Order Fabric Sofa	Flared arms trimmed with decorative studs and plump pillow-back cushions. The Harrison is a classic corner sofa for any living room. Features: Available in multiple fabric options; Sturdy hardwood frame; Deep foam & fibre cushions; Custom size available. Made to order in your choice of fabric, colour and size.	https://barkisofahub.co.uk/harrison-corner-sofa.html	https://barkisofahub.co.uk/images/shannon-corner/shannon-corner-2.jpg	https://barkisofahub.co.uk/images/shannon-corner/shannon-corner-1.jpg,https://barkisofahub.co.uk/images/shannon-corner/shannon-corner-4.jpg,https://barkisofahub.co.uk/images/shannon-corner/shannon-corner-5.jpg	in_stock	649.00 GBP	Barki Sofa Hub	new	no	Sofas > Corner Collection	GB:::0.00 GBP
BSH-shannon-corner-sofa	Shannon Corner Sofa – Made-to-Order Fabric Sofa	Grey fabric seats and back with black faux-leather sides, finished with patterned scatter cushions. The Shannon is a bold, modern corner sofa for any living room. Features: Grey fabric with black faux-leather sides; Patterned scatter cushions; Sturdy hardwood frame; Custom size available. Made to order in your choice of fabric, colour and size.	https://barkisofahub.co.uk/shannon-corner-sofa.html	https://barkisofahub.co.uk/images/shannon-corner/shannon-corner-3.jpg		in_stock	649.00 GBP	Barki Sofa Hub	new	no	Sofas > Corner Collection	GB:::0.00 GBP
BSH-harrison-2-3-seater-sofa	Harrison 2+3 Seater Sofa – Made-to-Order Fabric Sofa	The Harrison two-seater and three-seater set — flared arms with decorative studs, sold as a matching pair. Features: Includes a 2-seater + 3-seater; Available in multiple fabric options; Sturdy hardwood frame; Custom size available. Made to order in your choice of fabric, colour and size.	https://barkisofahub.co.uk/harrison-2-3-seater-sofa.html	https://barkisofahub.co.uk/images/shannon-set/shannon-set-1.jpg		in_stock	699.00 GBP	Barki Sofa Hub	new	no	Sofas > 2+3 Seater Collection	GB:::0.00 GBP
BSH-olympia-corner-sofa	Olympia Corner Sofa – Made-to-Order Fabric Sofa	Rolled arms with decorative studs and a deep-buttoned front, with plush back cushions. The Olympia corner offers generous seating for the whole family. Features: Available in multiple fabric options; Sturdy hardwood frame; Deep foam & fibre cushions; Custom size available. Made to order in your choice of fabric, colour and size.	https://barkisofahub.co.uk/olympia-corner-sofa.html	https://barkisofahub.co.uk/images/olympia-corner/olympia-corner-2.jpg	https://barkisofahub.co.uk/images/olympia-corner/olympia-corner-1.jpg,https://barkisofahub.co.uk/images/olympia-corner/olympia-corner-4.jpg	in_stock	649.00 GBP	Barki Sofa Hub	new	no	Sofas > Corner Collection	GB:::0.00 GBP
BSH-verona-corner-sofa	Verona Corner Sofa – Made-to-Order Fabric Sofa	Classic scroll arms with button detail, in your choice of scatter back or fullback. The Verona is a statement corner sofa for any living room. Features: Scatter back or fullback; Available in multiple fabric options; Sturdy hardwood frame; Deep foam & fibre cushions; Custom size available. Made to order in your choice of fabric, colour and size.	https://barkisofahub.co.uk/verona-corner-sofa.html	https://barkisofahub.co.uk/images/verona-corner/verona-corner-2.jpg	https://barkisofahub.co.uk/images/verona-corner/verona-corner-1.jpg,https://barkisofahub.co.uk/images/verona-corner/verona-corner-3.jpg,https://barkisofahub.co.uk/images/verona-corner/verona-corner-4.jpg,https://barkisofahub.co.uk/images/verona-corner/verona-corner-5.jpg,https://barkisofahub.co.uk/images/lshape/lshape-1.jpg,https://barkisofahub.co.uk/images/lshape/lshape-6.jpg,https://barkisofahub.co.uk/images/lshape/lshape-3.jpg,https://barkisofahub.co.uk/images/lshape/lshape-5.jpg,https://barkisofahub.co.uk/images/lshape/lshape-4.jpg	in_stock	599.00 GBP	Barki Sofa Hub	new	no	Sofas > Corner Collection	GB:::0.00 GBP
BSH-olympia-2-3-seater-sofa	Olympia 2+3 Seater Sofa – Made-to-Order Fabric Sofa	Rolled arms with decorative studs and a deep-buttoned front, finished with plush scatter cushions. The Olympia two-seater and three-seater set, sold as a matching pair. Features: Includes a 2-seater + 3-seater; Rolled arms with stud detail; Available in multiple fabric options; Sturdy hardwood frame; Custom size available. Made to order in your choice of fabric, colour and size.	https://barkisofahub.co.uk/olympia-2-3-seater-sofa.html	https://barkisofahub.co.uk/images/verona-set/verona-set-2.jpg	https://barkisofahub.co.uk/images/verona-set/verona-set-1.jpg,https://barkisofahub.co.uk/images/verona-set/verona-set-3.jpg,https://barkisofahub.co.uk/images/elaska/elaska-2.jpg	in_stock	650.00 GBP	Barki Sofa Hub	new	no	Sofas > 2+3 Seater Collection	GB:::0.00 GBP
BSH-lilly-fixed-seat-sofa	Lilly Fixed Seat Sofa – 3+2 Set or 2C2 Corner, Fluted Velvet	Fluted, channel-stitched velvet with a gold metal base and gold arm details, and fixed seat cushions that keep their shape. Available as a 3+2 set or a 2C2 corner sofa. Features: 3+2 set or 2C2 corner sofa; Fluted, channel-stitched back and arms; Gold metal base and arm details; Fixed seat cushions that hold their shape; Available in multiple fabric options. Made to order in your choice of fabric, colour and size.	https://barkisofahub.co.uk/lilly-fixed-seat-sofa.html	https://barkisofahub.co.uk/images/lilly-fixed/lilly-fixed-1.jpg	https://barkisofahub.co.uk/images/lilly-fixed/lilly-fixed-2.jpg,https://barkisofahub.co.uk/images/lilly-fixed/lilly-fixed-3.jpg	in_stock	900.00 GBP	Barki Sofa Hub	new	no	Sofas > 2+3 Seater Collection	GB:::0.00 GBP
BSH-l-shape-sofa	L-Shape Sofa – Made-to-Order Fabric Sofa	A space-smart L-shape sofa that fits neatly into modern rooms without sacrificing comfort or seating. Features: Two styles: fluted or plain arms; Chaise on the left or right; Available in multiple fabric options; Sturdy hardwood frame; Custom size available. Made to order in your choice of fabric, colour and size.	https://barkisofahub.co.uk/l-shape-sofa.html	https://barkisofahub.co.uk/images/lshape/lshape-cream-fluted.jpg	https://barkisofahub.co.uk/images/lshape/lshape-black-storage-chaise.jpg	in_stock	649.00 GBP	Barki Sofa Hub	new	no	Sofas > L-Shape Collection	GB:::0.00 GBP
BSH-chesterfield-sofa	Chesterfield Sofa – Full 3+2+1 Set, Button-Tufted	An icon of British design — deep button tufting and rolled arms, sold as a full 3+2+1 set. Features: Authentic button-tufted upholstery; Rolled arms with gold-trim base; Solid hardwood frame; Available in velvet. Made to order in your choice of fabric, colour and size.	https://barkisofahub.co.uk/chesterfield-sofa.html	https://barkisofahub.co.uk/images/chesterfield/chesterfield-1.jpg		in_stock	1350.00 GBP	Barki Sofa Hub	new	no	Sofas > Chesterfield Collection	GB:::0.00 GBP
BSH-borius-sofa	Borius Sofa – Made-to-Order Fabric Sofa	Bold proportions and sumptuous cushioning. The Borius makes a powerful statement without sacrificing everyday comfort. Features: Bold generous proportions; Sumptuous cushion depth; Premium upholstery options. Made to order in your choice of fabric, colour and size.	https://barkisofahub.co.uk/borius-sofa.html	https://barkisofahub.co.uk/images/borius/borius-2.jpg	https://barkisofahub.co.uk/images/borius/borius-1.jpg,https://barkisofahub.co.uk/images/borius/borius-3.jpg	in_stock	649.00 GBP	Barki Sofa Hub	new	no	Sofas > Borius Collection	GB:::0.00 GBP
BSH-ambassador-sofa	Ambassador Sofa – Made-to-Order Fabric Sofa	Commanding presence, exceptional comfort. The Ambassador is built for those who don't compromise on their living space. Features: Bold commanding silhouette; Premium upholstery; Generous seating depth. Made to order in your choice of fabric, colour and size.	https://barkisofahub.co.uk/ambassador-sofa.html	https://barkisofahub.co.uk/images/ambassador/ambassador-1.jpg		in_stock	850.00 GBP	Barki Sofa Hub	new	no	Sofas > Ambassador Collection	GB:::0.00 GBP
BSH-ashton-chesterfield-sofa	Ashton Chesterfield Sofa – Made-to-Order Fabric Sofa	Square Chesterfield arms and base, deep-buttoned all over, with plump scatter back cushions and bolsters. The Ashton Chesterfield makes a statement in any living room. Features: Deep-buttoned Chesterfield arms and base; Scatter back with bolster cushions; Available in multiple fabric options; Custom size available. Made to order in your choice of fabric, colour and size.	https://barkisofahub.co.uk/ashton-chesterfield-sofa.html	https://barkisofahub.co.uk/images/elaska/elaska-5.jpg	https://barkisofahub.co.uk/images/elaska/elaska-1.jpg	in_stock	800.00 GBP	Barki Sofa Hub	new	no	Sofas > Chesterfield Collection	GB:::0.00 GBP
BSH-lilly-alaska-sofa	Lilly Alaska Sofa – 3+2 Set, Fluted Velvet	Square arms and base with fluted, channel-stitched detailing, finished in soft velvet with piped cushions. Available as a sofa, a 3+2 set or a corner sofa. Features: Fluted arms and base; Piped back and seat cushions; Available in multiple fabric options; Custom size available. Made to order in your choice of fabric, colour and size.	https://barkisofahub.co.uk/lilly-alaska-sofa.html	https://barkisofahub.co.uk/images/elaska/elaska-3.jpg	https://barkisofahub.co.uk/images/elaska/elaska-4.jpg,https://barkisofahub.co.uk/images/lilly-corner/lilly-corner-2.jpg,https://barkisofahub.co.uk/images/lilly-corner/lilly-corner-4.jpg,https://barkisofahub.co.uk/images/lilly-corner/lilly-corner-5.jpg,https://barkisofahub.co.uk/images/lilly-corner/lilly-corner-6.jpg,https://barkisofahub.co.uk/images/lilly-lshape/lilly-lshape-1.jpg,https://barkisofahub.co.uk/images/lilly-lshape/lilly-lshape-2.jpg	in_stock	700.00 GBP	Barki Sofa Hub	new	no	Sofas > Fluted Collection	GB:::0.00 GBP
BSH-aurelia-chesterfield-sofa	Aurelia Chesterfield Sofa – Made-to-Order Fabric Sofa	Ivory velvet with gleaming gold trim — the Aurelia pairs classic diamond button tufting with a modern floating gold plinth base. Features: Ivory velvet with gold trim detailing; Diamond button-tufted base; Gold plinth base; Scatter cushions included. Made to order in your choice of fabric, colour and size.	https://barkisofahub.co.uk/aurelia-chesterfield-sofa.html	https://barkisofahub.co.uk/images/aurelia/aurelia-1.jpg		in_stock	899.00 GBP	Barki Sofa Hub	new	no	Sofas > Aurelia Collection	GB:::0.00 GBP
